"","word"
"1","2 girls 1 cup"
"2","2g1c"
"3","4r5e"
"4","5h1t"
"5","5hit"
"6","5ht"
"7","@$$"
"8","a s s"
"9","a s shole"
"10","a55"
"11","a55hole"
"12","a_s_s"
"13","abbo"
"14","abeed"
"15","abuse"
"16","acrotomophilia"
"17","africoon"
"18","ahole"
"19","alabama hot pocket"
"20","alaskan pipeline"
"21","alligator bait"
"22","alligatorbait"
"23","amcik"
"24","anal"
"25","analannie"
"26","analprobe"
"27","analsex"
"28","andskota"
"29","anilingus"
"30","anus"
"31","apeshit"
"32","ar5e"
"33","arabush"
"34","arabushs"
"35","areola"
"36","areole"
"37","argie"
"38","armo"
"39","armos"
"40","arrse"
"41","arschloch"
"42","arse"
"43","arsehole"
"44","aryan"
"45","ash0le"
"46","ash0les"
"47","asholes"
"48","ass monkey"
"49","ass"
"50","ass-fucker"
"51","ass-hat"
"52","ass-pirate"
"53","assbag"
"54","assbagger"
"55","assbandit"
"56","assbang"
"57","assbanged"
"58","assbanger"
"59","assbangs"
"60","assbite"
"61","assblaster"
"62","assclown"
"63","asscock"
"64","asscowboy"
"65","asscracker"
"66","asses"
"67","assface"
"68","assfuck"
"69","assfucker"
"70","assfukka"
"71","assgoblin"
"72","assh0le"
"73","assh0lez"
"74","asshat"
"75","asshead"
"76","assho1e"
"77","asshole"
"78","assholes"
"79","assholz"
"80","asshopper"
"81","asshore"
"82","assjacker"
"83","assjockey"
"84","asskiss"
"85","asskisser"
"86","assklown"
"87","asslick"
"88","asslicker"
"89","asslover"
"90","assman"
"91","assmaster"
"92","assmonkey"
"93","assmunch"
"94","assmuncher"
"95","assnigger"
"96","asspacker"
"97","asspirate"
"98","asspuppies"
"99","assrammer"
"100","assranger"
"101","assshit"
"102","assshole"
"103","asssucker"
"104","asswad"
"105","asswhole"
"106","asswhore"
"107","asswipe"
"108","asswipes"
"109","auto erotic"
"110","autoerotic"
"111","ayir"
"112","azazel"
"113","azz"
"114","azzhole"
"115","b a s t a r d"
"116","b i t c h"
"117","b o o b"
"118","b!+ch"
"119","b!tch"
"120","b!tchin"
"121","b*tch"
"122","b00b"
"123","b00bies"
"124","b00biez"
"125","b00bs"
"126","b00bz"
"127","b17ch"
"128","b1tch"
"129","b7ch"
"130","babeland"
"131","babes"
"132","baby batter"
"133","baby juice"
"134","backdoorman"
"135","badfuck"
"136","ball gag"
"137","ball gravy"
"138","ball kicking"
"139","ball licking"
"140","ball sack"
"141","ball sucking"
"142","ballbag"
"143","balllicker"
"144","ballsack"
"145","bampot"
"146","bangbro"
"147","bangbros"
"148","bangbus"
"149","bareback"
"150","barely legal"
"151","barelylegal"
"152","barenaked"
"153","barface"
"154","barfface"
"155","bassterd"
"156","bassterds"
"157","bastard"
"158","bastardo"
"159","bastards"
"160","bastardz"
"161","basterds"
"162","basterdz"
"163","bastinado"
"164","bazongas"
"165","bazooms"
"166","bbw"
"167","bdsm"
"168","beaner"
"169","beaners"
"170","beaney"
"171","beaneys"
"172","beardedclam"
"173","beastality"
"174","beastial"
"175","beastiality"
"176","beastility"
"177","beatch"
"178","beatoff"
"179","beatyourmeat"
"180","beaver cleaver"
"181","beaver lips"
"182","beef curtains"
"183","beeyotch"
"184","bellend"
"185","beotch"
"186","bestial"
"187","bestiality"
"188","bi curious"
"189","bi+ch"
"190","bi7ch"
"191","biatch"
"192","bicurious"
"193","big black"
"194","big breasts"
"195","big knockers"
"196","big tits"
"197","bigass"
"198","bigbastard"
"199","bigbreasts"
"200","bigbutt"
"201","bigtits"
"202","bimbo"
"203","bimbos"
"204","bint"
"205","birdlock"
"206","bitch"
"207","bitchass"
"208","bitched"
"209","bitcher"
"210","bitchers"
"211","bitches"
"212","bitchez"
"213","bitchin"
"214","bitching"
"215","bitchslap"
"216","bitchtit"
"217","bitchy"
"218","biteme"
"219","bitties"
"220","black cock"
"221","blackcock"
"222","blackman"
"223","blacks"
"224","blonde action"
"225","blonde on blonde action"
"226","blonde on blonde"
"227","bloodclaat"
"228","blow j"
"229","blow job"
"230","blow your l"
"231","blow your load"
"232","blowjob"
"233","blowjobs"
"234","blue waffle"
"235","bluegum"
"236","bluegums"
"237","blumpkin"
"238","bo ob"
"239","bo obs"
"240","boang"
"241","boche"
"242","boches"
"243","boffing"
"244","bogan"
"245","bohunk"
"246","boink"
"247","boiolas"
"248","bollick"
"249","bollock"
"250","bollocks"
"251","bollok"
"252","bollox"
"253","bombers"
"254","bomd"
"255","bondage"
"256","boned"
"257","boner"
"258","boners"
"259","bong"
"260","boong"
"261","boonga"
"262","boongas"
"263","boongs"
"264","boonie"
"265","boonies"
"266","booobs"
"267","boooobs"
"268","booooobs"
"269","booooooobs"
"270","bootee"
"271","bootlip"
"272","bootlips"
"273","boozer"
"274","bosch"
"275","bosche"
"276","bosches"
"277","boschs"
"278","bosomy"
"279","bounty bar"
"280","bounty bars"
"281","bountybar"
"282","brea5t"
"283","breastjob"
"284","breastlover"
"285","breastman"
"286","brown shower"
"287","brown showers"
"288","brunette action"
"289","btch"
"290","buceta"
"291","buddhahead"
"292","buddhaheads"
"293","buffies"
"294","bugger"
"295","buggered"
"296","buggery"
"297","bukake"
"298","bukkake"
"299","bullcrap"
"300","bulldike"
"301","bulldyke"
"302","bullet vibe"
"303","bullshit"
"304","bullshits"
"305","bullshitted"
"306","bullturds"
"307","bumblefuck"
"308","bumfuck"
"309","bung hole"
"310","bung"
"311","bunga"
"312","bungas"
"313","bunghole"
"314","bunny fucker"
"315","burr head"
"316","burr heads"
"317","burrhead"
"318","burrheads"
"319","butchbabes"
"320","butchdike"
"321","butchdyke"
"322","butt plug"
"323","butt-pirate"
"324","buttbang"
"325","buttcheeks"
"326","buttface"
"327","buttfuck"
"328","buttfucker"
"329","buttfuckers"
"330","butthead"
"331","butthole"
"332","buttman"
"333","buttmuch"
"334","buttmunch"
"335","buttmuncher"
"336","buttpirate"
"337","buttplug"
"338","buttstain"
"339","buttwipe"
"340","byatch"
"341","c u n t"
"342","c-0-c-k"
"343","c-o-c-k"
"344","c-u-n-t"
"345","c.0.c.k"
"346","c.o.c.k."
"347","c.u.n.t"
"348","c0ck"
"349","c0cks"
"350","c0cksucker"
"351","c0k"
"352","cabron"
"353","caca"
"354","cacker"
"355","cahone"
"356","camel jockey"
"357","camel jockeys"
"358","camel toe"
"359","cameljockey"
"360","cameltoe"
"361","camgirl"
"362","camslut"
"363","camwhore"
"364","carpet muncher"
"365","carpetmuncher"
"366","carruth"
"367","cawk"
"368","cawks"
"369","cazzo"
"370","chav"
"371","cheese eating surrender monkey"
"372","cheese eating surrender monkies"
"373","cheeseeating surrender monkey"
"374","cheeseeating surrender monkies"
"375","cheesehead"
"376","cheeseheads"
"377","cherrypopper"
"378","chickslick"
"379","china swede"
"380","china swedes"
"381","chinaman"
"382","chinamen"
"383","chinaswede"
"384","chinaswedes"
"385","chinc"
"386","chincs"
"387","ching chong"
"388","ching chongs"
"389","chinga"
"390","chingchong"
"391","chingchongs"
"392","chink"
"393","chinks"
"394","chinky"
"395","choad"
"396","chocolate rosebuds"
"397","chode"
"398","chodes"
"399","chonkies"
"400","chonky"
"401","chonkys"
"402","chraa"
"403","christ killer"
"404","christ killers"
"405","chug"
"406","chugs"
"407","chuj"
"408","chunger"
"409","chungers"
"410","chunkies"
"411","chunkys"
"412","cipa"
"413","circlejerk"
"414","cl1t"
"415","clamdigger"
"416","clamdiver"
"417","clamps"
"418","clansman"
"419","clansmen"
"420","clanswoman"
"421","clanswomen"
"422","cleveland steamer"
"423","clit"
"424","clitface"
"425","clitfuck"
"426","clitoris"
"427","clitorus"
"428","clits"
"429","clitty"
"430","clogwog"
"431","clover clamps"
"432","clusterfuck"
"433","cnts"
"434","cntz"
"435","cnut"
"436","cocain"
"437","cocaine"
"438","cock"
"439","cock-head"
"440","cock-sucker"
"441","cockbite"
"442","cockblock"
"443","cockblocker"
"444","cockburger"
"445","cockcowboy"
"446","cockface"
"447","cockfight"
"448","cockfucker"
"449","cockhead"
"450","cockholster"
"451","cockjockey"
"452","cockknob"
"453","cockknocker"
"454","cockknoker"
"455","cocklicker"
"456","cocklover"
"457","cockmaster"
"458","cockmongler"
"459","cockmongruel"
"460","cockmonkey"
"461","cockmunch"
"462","cockmuncher"
"463","cocknob"
"464","cocknose"
"465","cocknugget"
"466","cockqueen"
"467","cockrider"
"468","cocks"
"469","cockshit"
"470","cocksman"
"471","cocksmith"
"472","cocksmoker"
"473","cocksucer"
"474","cocksuck"
"475","cocksucked"
"476","cocksucker"
"477","cocksucking"
"478","cocksucks"
"479","cocksuka"
"480","cocksukka"
"481","cocktease"
"482","cocky"
"483","cohee"
"484","coital"
"485","coitus"
"486","cok"
"487","cokmuncher"
"488","coksucka"
"489","condom"
"490","coochie"
"491","coochy"
"492","coolie"
"493","coolies"
"494","cooly"
"495","coon ass"
"496","coon asses"
"497","coonass"
"498","coonasses"
"499","coondog"
"500","coons"
"501","cooter"
"502","coprolagnia"
"503","coprophilia"
"504","copulate"
"505","corksucker"
"506","cornhole"
"507","cra5h"
"508","crackcocain"
"509","crackpipe"
"510","crackwhore"
"511","crap"
"512","crapola"
"513","crapper"
"514","crappy"
"515","creampie"
"516","crotchjockey"
"517","crotchmonkey"
"518","crotchrot"
"519","cuck"
"520","cum face"
"521","cum licker"
"522","cum"
"523","cumbubble"
"524","cumdumpster"
"525","cumfest"
"526","cumguzzler"
"527","cuming"
"528","cumjockey"
"529","cumlickr"
"530","cumm"
"531","cummer"
"532","cummin"
"533","cumming"
"534","cumquat"
"535","cumqueen"
"536","cums"
"537","cumshot"
"538","cumshots"
"539","cumslut"
"540","cumstain"
"541","cumsucker"
"542","cumtart"
"543","cunilingus"
"544","cunillingus"
"545","cunn"
"546","cunnie"
"547","cunnilingus"
"548","cunntt"
"549","cunny"
"550","cunt"
"551","cunteyed"
"552","cuntface"
"553","cuntfuck"
"554","cuntfucker"
"555","cunthole"
"556","cunthunter"
"557","cuntlick"
"558","cuntlicker"
"559","cuntlicking"
"560","cuntrag"
"561","cunts"
"562","cuntslut"
"563","cuntsucker"
"564","cuntz"
"565","curry muncher"
"566","curry munchers"
"567","currymuncher"
"568","currymunchers"
"569","cushi"
"570","cushis"
"571","cyalis"
"572","cyberfuc"
"573","cyberfuck"
"574","cyberfucked"
"575","cyberfucker"
"576","cyberfuckers"
"577","cyberfucking"
"578","cybersex"
"579","cyberslimer"
"580","d0ng"
"581","d0uch3"
"582","d0uche"
"583","d1ck"
"584","d1ld0"
"585","d1ldo"
"586","d4mn"
"587","dago"
"588","dagos"
"589","dahmer"
"590","damm"
"591","dammit"
"592","damn"
"593","damnit"
"594","darkey"
"595","darkeys"
"596","darkie"
"597","darkies"
"598","darky"
"599","date rape"
"600","daterape"
"601","datnigga"
"602","dawgie style"
"603","dawgie-style"
"604","daygo"
"605","deapthroat"
"606","deep throat"
"607","deep throating"
"608","deepaction"
"609","deepthroat"
"610","deepthroating"
"611","defecate"
"612","deggo"
"613","dego"
"614","degos"
"615","dendrophilia"
"616","destroyyourpussy"
"617","deth"
"618","diaper daddy"
"619","diaper head"
"620","diaper heads"
"621","diaperdaddy"
"622","diaperhead"
"623","diaperheads"
"624","dick pic"
"625","dick"
"626","dick-ish"
"627","dickbag"
"628","dickbeater"
"629","dickbeaters"
"630","dickbrain"
"631","dickdipper"
"632","dickface"
"633","dickflipper"
"634","dickforbrains"
"635","dickfuck"
"636","dickhead"
"637","dickheads"
"638","dickhole"
"639","dickish"
"640","dickjuice"
"641","dickless"
"642","dicklick"
"643","dicklicker"
"644","dickman"
"645","dickmilk"
"646","dickmonger"
"647","dickpic"
"648","dickripper"
"649","dicks"
"650","dicksipper"
"651","dickslap"
"652","dickslicker"
"653","dicksucker"
"654","dickwad"
"655","dickweasel"
"656","dickweed"
"657","dickwhipper"
"658","dickwod"
"659","dickzipper"
"660","diddle"
"661","dike"
"662","dild0"
"663","dild0s"
"664","dildo"
"665","dildos"
"666","dilf"
"667","diligaf"
"668","dilld0"
"669","dilld0s"
"670","dillweed"
"671","dimwit"
"672","dingle"
"673","dingleberries"
"674","dingleberry"
"675","dink"
"676","dinks"
"677","dipship"
"678","dipshit"
"679","dipstick"
"680","dirsa"
"681","dirty pillows"
"682","dirty sanchez"
"683","dix"
"684","dixiedike"
"685","dixiedyke"
"686","dlck"
"687","dog style"
"688","dog-fucker"
"689","doggie style"
"690","doggie"
"691","doggie-style"
"692","doggiestyle"
"693","doggin"
"694","dogging"
"695","doggy style"
"696","doggy-style"
"697","doggystyle"
"698","dolcett"
"699","dominatricks"
"700","dominatrics"
"701","dominatrix"
"702","dommes"
"703","dong"
"704","donkey punch"
"705","donkeypunch"
"706","donkeyribber"
"707","doochbag"
"708","doodoo"
"709","doofus"
"710","dookie"
"711","doosh"
"712","dot head"
"713","dot heads"
"714","dothead"
"715","dotheads"
"716","double dong"
"717","double penetration"
"718","doubledong"
"719","doublepenetration"
"720","douch3"
"721","douche bag"
"722","douche"
"723","douche-fag"
"724","douchebag"
"725","douchebags"
"726","douchewaffle"
"727","douchey"
"728","dp action"
"729","dpaction"
"730","dragqueen"
"731","dragqween"
"732","dripdick"
"733","dry hump"
"734","dryhump"
"735","duche"
"736","dudette"
"737","dumass"
"738","dumb ass"
"739","dumbass"
"740","dumbasses"
"741","dumbbitch"
"742","dumbfuck"
"743","dumbshit"
"744","dumshit"
"745","dune coon"
"746","dune coons"
"747","dupa"
"748","dvda"
"749","dyefly"
"750","dyke"
"751","dykes"
"752","dziwka"
"753","earotics"
"754","easyslut"
"755","eat my ass"
"756","eat my"
"757","eatadick"
"758","eatballs"
"759","eathairpie"
"760","eatme"
"761","eatmyass"
"762","eatpussy"
"763","ecchi"
"764","ejackulate"
"765","ejakulate"
"766","ekrem"
"767","ekto"
"768","enculer"
"769","enema"
"770","erection"
"771","ero"
"772","erotic"
"773","erotism"
"774","esqua"
"775","essohbee"
"776","ethical slut"
"777","evl"
"778","excrement"
"779","exkwew"
"780","extacy"
"781","extasy"
"782","f u c k e r"
"783","f u c k e"
"784","f u c k"
"785","f u k"
"786","f*ck"
"787","f-u-c-k"
"788","f.u.c.k"
"789","f4nny"
"790","f_u_c_k"
"791","facefucker"
"792","fack"
"793","faeces"
"794","faen"
"795","fag"
"796","fag1t"
"797","fagbag"
"798","faget"
"799","fagfucker"
"800","fagg"
"801","fagg1t"
"802","fagged"
"803","fagging"
"804","faggit"
"805","faggitt"
"806","faggot"
"807","faggotcock"
"808","faggs"
"809","fagit"
"810","fagot"
"811","fagots"
"812","fags"
"813","fagt"
"814","fagtard"
"815","fagz"
"816","faig"
"817","faigs"
"818","faigt"
"819","fanculo"
"820","fannybandit"
"821","fannyflaps"
"822","fannyfucker"
"823","fanyy"
"824","fartknocker"
"825","fastfuck"
"826","fatah"
"827","fatfuck"
"828","fatfucker"
"829","fatso"
"830","fck"
"831","fckcum"
"832","fckd"
"833","fcuk"
"834","fcuker"
"835","fcuking"
"836","fecal"
"837","feck"
"838","fecker"
"839","feg"
"840","felatio"
"841","felch"
"842","felcher"
"843","felching"
"844","fellate"
"845","fellatio"
"846","feltch"
"847","feltcher"
"848","feltching"
"849","female squirting"
"850","femalesquirtin"
"851","femalesquirting"
"852","femdom"
"853","fetish"
"854","ficken"
"855","figging"
"856","fingerbang"
"857","fingerfood"
"858","fingerfuck"
"859","fingerfucked"
"860","fingerfucker"
"861","fingerfuckers"
"862","fingerfucking"
"863","fingerfucks"
"864","fingering"
"865","fisted"
"866","fister"
"867","fistfuck"
"868","fistfucked"
"869","fistfucker"
"870","fistfuckers"
"871","fistfucking"
"872","fistfuckings"
"873","fistfucks"
"874","fisting"
"875","fisty"
"876","fitt"
"877","flamer"
"878","flasher"
"879","flikker"
"880","flipping the bird"
"881","flogthelog"
"882","floo"
"883","floozy"
"884","flydie"
"885","flydye"
"886","foad"
"887","fok"
"888","fondle"
"889","foobar"
"890","fook"
"891","fooker"
"892","foot fetish"
"893","footaction"
"894","footfetish"
"895","footfuck"
"896","footfucker"
"897","footjob"
"898","footlicker"
"899","footstar"
"900","foreskin"
"901","forni"
"902","fornicate"
"903","fotze"
"904","foursome"
"905","fourtwenty"
"906","freakfuck"
"907","freakyfucker"
"908","freefuck"
"909","freex"
"910","frigg"
"911","frigga"
"912","frigger"
"913","frotting"
"914","fucck"
"915","fuck"
"916","fuck-tard"
"917","fucka"
"918","fuckable"
"919","fuckass"
"920","fuckbag"
"921","fuckbitch"
"922","fuckbook"
"923","fuckboy"
"924","fuckbrain"
"925","fuckbuddy"
"926","fuckbutt"
"927","fuckd"
"928","fucked"
"929","fuckedup"
"930","fucker"
"931","fuckers"
"932","fuckersucker"
"933","fuckface"
"934","fuckfest"
"935","fuckfreak"
"936","fuckfriend"
"937","fuckhead"
"938","fuckheads"
"939","fuckher"
"940","fuckhole"
"941","fuckin"
"942","fuckina"
"943","fucking"
"944","fuckingbitch"
"945","fuckings"
"946","fuckingshitmotherfucker"
"947","fuckinnuts"
"948","fuckinright"
"949","fuckit"
"950","fuckknob"
"951","fuckme"
"952","fuckmeat"
"953","fuckmehard"
"954","fuckmonkey"
"955","fuckn"
"956","fucknugget"
"957","fucknut"
"958","fucknuts"
"959","fucknutt"
"960","fucknutz"
"961","fuckoff"
"962","fuckpig"
"963","fuckpuppet"
"964","fuckr"
"965","fucks"
"966","fuckstick"
"967","fucktard"
"968","fucktards"
"969","fucktoy"
"970","fucktrophy"
"971","fuckup"
"972","fuckwad"
"973","fuckwhit"
"974","fuckwhore"
"975","fuckwit"
"976","fuckwitt"
"977","fuckyomama"
"978","fuckyou"
"979","fudge packer"
"980","fudgepacker"
"981","fugly"
"982","fuk"
"983","fukah"
"984","fuken"
"985","fuker"
"986","fukin"
"987","fuking"
"988","fukk"
"989","fukkah"
"990","fukken"
"991","fukker"
"992","fukkin"
"993","fukking"
"994","fuks"
"995","fuktard"
"996","fuktards"
"997","fukwhit"
"998","fukwit"
"999","funfuck"
"1000","futanari"
"1001","futanary"
"1002","futkretzn"
"1003","fuuck"
"1004","fux"
"1005","fux0r"
"1006","fuxor"
"1007","fvck"
"1008","fvk"
"1009","fxck"
"1010","g-spot"
"1011","g00k"
"1012","gae"
"1013","gai"
"1014","gang bang"
"1015","gangbang"
"1016","gangbanged"
"1017","gangbanger"
"1018","gangbangs"
"1019","ganja"
"1020","gassyass"
"1021","gator bait"
"1022","gatorbait"
"1023","gay sex"
"1024","gayass"
"1025","gaybob"
"1026","gayboy"
"1027","gaydo"
"1028","gaygirl"
"1029","gaylord"
"1030","gaymuthafuckinwhore"
"1031","gays"
"1032","gaysex"
"1033","gaytard"
"1034","gaywad"
"1035","gayz"
"1036","geezer"
"1037","geni"
"1038","genital"
"1039","genitals"
"1040","getiton"
"1041","gey"
"1042","gfy"
"1043","ghay"
"1044","ghey"
"1045","giant cock"
"1046","gigolo"
"1047","ginzo"
"1048","ginzos"
"1049","gipp"
"1050","gippo"
"1051","gippos"
"1052","gipps"
"1053","girl on top"
"1054","girl on"
"1055","girls gone wild"
"1056","givehead"
"1057","glans"
"1058","glazeddonut"
"1059","goatcx"
"1060","goatse"
"1061","god dammit"
"1062","god damn"
"1063","god damnit"
"1064","god-dam"
"1065","god-damned"
"1066","godam"
"1067","godammit"
"1068","godamn"
"1069","godamnit"
"1070","goddam"
"1071","goddamit"
"1072","goddamm"
"1073","goddammit"
"1074","goddamn"
"1075","goddamned"
"1076","goddamnes"
"1077","goddamnit"
"1078","goddamnmuthafucker"
"1079","godsdamn"
"1080","gokkun"
"1081","golden shower"
"1082","goldenshower"
"1083","golliwog"
"1084","golliwogs"
"1085","gonad"
"1086","gonads"
"1087","gonorrehea"
"1088","gonzagas"
"1089","goo girl"
"1090","gooch"
"1091","goodpoop"
"1092","gook eye"
"1093","gook eyes"
"1094","gook"
"1095","gookeye"
"1096","gookeyes"
"1097","gookies"
"1098","gooks"
"1099","gooky"
"1100","gora"
"1101","goras"
"1102","goregasm"
"1103","gotohell"
"1104","goy"
"1105","goyim"
"1106","greaseball"
"1107","greaseballs"
"1108","groe"
"1109","groid"
"1110","groids"
"1111","grope"
"1112","grostulation"
"1113","group sex"
"1114","gspot"
"1115","gstring"
"1116","gtfo"
"1117","gub"
"1118","gubba"
"1119","gubbas"
"1120","gubs"
"1121","guido"
"1122","guiena"
"1123","guineas"
"1124","guizi"
"1125","gummer"
"1126","guro"
"1127","gwailo"
"1128","gwailos"
"1129","gweilo"
"1130","gweilos"
"1131","gyopo"
"1132","gyopos"
"1133","gyp"
"1134","gyped"
"1135","gypo"
"1136","gypos"
"1137","gypp"
"1138","gypped"
"1139","gyppie"
"1140","gyppies"
"1141","gyppo"
"1142","gyppos"
"1143","gyppy"
"1144","gyppys"
"1145","gypsys"
"1146","h e l l"
"1147","h o m"
"1148","h00r"
"1149","h0ar"
"1150","h0m0"
"1151","h0mo"
"1152","h0r"
"1153","h0re"
"1154","h4x0r"
"1155","hadji"
"1156","hadjis"
"1157","hairyback"
"1158","hairybacks"
"1159","haji"
"1160","hajis"
"1161","hajji"
"1162","hajjis"
"1163","half breed"
"1164","half caste"
"1165","halfbreed"
"1166","halfcaste"
"1167","hamas"
"1168","hamflap"
"1169","hand job"
"1170","handjob"
"1171","haole"
"1172","haoles"
"1173","hapa"
"1174","hard core"
"1175","hardcore"
"1176","hardcoresex"
"1177","hardon"
"1178","he11"
"1179","headfuck"
"1180","hebe"
"1181","hebes"
"1182","heeb"
"1183","heebs"
"1184","hells"
"1185","helvete"
"1186","hentai"
"1187","heroin"
"1188","herp"
"1189","herpes"
"1190","herpy"
"1191","heshe"
"1192","hijacking"
"1193","hillbillies"
"1194","hillbilly"
"1195","hindoo"
"1196","hiscock"
"1197","hitler"
"1198","hitlerism"
"1199","hitlerist"
"1200","hoare"
"1201","hobag"
"1202","hodgie"
"1203","hoer"
"1204","hoes"
"1205","holestuffer"
"1206","hom0"
"1207","homo"
"1208","homobangers"
"1209","homodumbshit"
"1210","homoey"
"1211","honger"
"1212","honkers"
"1213","honkey"
"1214","honkeys"
"1215","honkie"
"1216","honkies"
"1217","honky"
"1218","hooch"
"1219","hooker"
"1220","hookers"
"1221","hoor"
"1222","hoore"
"1223","hootch"
"1224","hooter"
"1225","hooters"
"1226","hore"
"1227","hori"
"1228","horis"
"1229","hork"
"1230","horndawg"
"1231","horndog"
"1232","horney"
"1233","horniest"
"1234","horny"
"1235","horseshit"
"1236","hosejob"
"1237","hoser"
"1238","hot carl"
"1239","hot chick"
"1240","hotcarl"
"1241","hotdamn"
"1242","hotpussy"
"1243","hotsex"
"1244","hottotrot"
"1245","how to kill"
"1246","how to murder"
"1247","howtokill"
"1248","howtomurdep"
"1249","huevon"
"1250","huge fat"
"1251","hugefat"
"1252","hui"
"1253","hummer"
"1254","humped"
"1255","humper"
"1256","humpher"
"1257","humphim"
"1258","humpin"
"1259","humping"
"1260","hussy"
"1261","hustler"
"1262","hymen"
"1263","hymie"
"1264","hymies"
"1265","iblowu"
"1266","ike"
"1267","ikes"
"1268","ikey"
"1269","ikeymo"
"1270","ikeymos"
"1271","ikwe"
"1272","illegals"
"1273","incest"
"1274","indon"
"1275","indons"
"1276","injun"
"1277","injuns"
"1278","insest"
"1279","intercourse"
"1280","intheass"
"1281","inthebuff"
"1282","israels"
"1283","j3rk0ff"
"1284","jack off"
"1285","jack-off"
"1286","jackass"
"1287","jackhole"
"1288","jackoff"
"1289","jackshit"
"1290","jacktheripper"
"1291","jail bait"
"1292","jailbait"
"1293","jap"
"1294","japcrap"
"1295","japie"
"1296","japies"
"1297","japs"
"1298","jebus"
"1299","jelly donut"
"1300","jerk off"
"1301","jerk-off"
"1302","jerk0ff"
"1303","jerked"
"1304","jerkoff"
"1305","jerries"
"1306","jerry"
"1307","jewboy"
"1308","jewed"
"1309","jewess"
"1310","jiga"
"1311","jigaboo"
"1312","jigaboos"
"1313","jigarooni"
"1314","jigaroonis"
"1315","jigg"
"1316","jigga"
"1317","jiggabo"
"1318","jiggaboo"
"1319","jiggabos"
"1320","jiggas"
"1321","jigger"
"1322","jiggerboo"
"1323","jiggers"
"1324","jiggs"
"1325","jiggy"
"1326","jigs"
"1327","jihad"
"1328","jijjiboo"
"1329","jijjiboos"
"1330","jimfish"
"1331","jisim"
"1332","jism"
"1333","jiss"
"1334","jiz"
"1335","jizim"
"1336","jizin"
"1337","jizjuice"
"1338","jizm"
"1339","jizn"
"1340","jizz"
"1341","jizzd"
"1342","jizzed"
"1343","jizzim"
"1344","jizzin"
"1345","jizzn"
"1346","jizzum"
"1347","jugg"
"1348","juggs"
"1349","jungle bunnies"
"1350","jungle bunny"
"1351","junglebunny"
"1352","junkie"
"1353","junky"
"1354","kacap"
"1355","kacapas"
"1356","kacaps"
"1357","kaffer"
"1358","kaffir"
"1359","kaffre"
"1360","kafir"
"1361","kanake"
"1362","kanker"
"1363","katsap"
"1364","katsaps"
"1365","kawk"
"1366","khokhol"
"1367","khokhols"
"1368","kigger"
"1369","kike"
"1370","kikes"
"1371","kimchis"
"1372","kinbaku"
"1373","kink"
"1374","kinkster"
"1375","kinky"
"1376","kinkyJesus"
"1377","kissass"
"1378","kiunt"
"1379","kkk"
"1380","klan"
"1381","klansman"
"1382","klansmen"
"1383","klanswoman"
"1384","klanswomen"
"1385","klootzak"
"1386","knobbing"
"1387","knobead"
"1388","knobed"
"1389","knobend"
"1390","knobhead"
"1391","knobjocky"
"1392","knobjokey"
"1393","knobz"
"1394","knockers"
"1395","knulle"
"1396","kock"
"1397","kondum"
"1398","kondums"
"1399","kooch"
"1400","kooches"
"1401","koon"
"1402","kootch"
"1403","krap"
"1404","krappy"
"1405","kraut"
"1406","krauts"
"1407","kuffar"
"1408","kuk"
"1409","kuksuger"
"1410","kum"
"1411","kumbubble"
"1412","kumbullbe"
"1413","kumer"
"1414","kummer"
"1415","kumming"
"1416","kums"
"1417","kunilingus"
"1418","kunnilingus"
"1419","kunt"
"1420","kunts"
"1421","kuntz"
"1422","kurac"
"1423","kurwa"
"1424","kushi"
"1425","kushis"
"1426","kusi"
"1427","kwa"
"1428","kwai lo"
"1429","kwai los"
"1430","kwif"
"1431","kyke"
"1432","kykes"
"1433","kyopo"
"1434","kyopos"
"1435","kyrpa"
"1436","l3i+ch"
"1437","l3i\+ch"
"1438","l3itch"
"1439","labia"
"1440","lapdance"
"1441","leather restraint"
"1442","leather straight"
"1443","leatherrestraint"
"1444","lebos"
"1445","lech"
"1446","lemon party"
"1447","lemonparty"
"1448","leper"
"1449","lesbain"
"1450","lesbayn"
"1451","lesbin"
"1452","lesbo"
"1453","lesbos"
"1454","lez"
"1455","lezbe"
"1456","lezbefriends"
"1457","lezbian"
"1458","lezbians"
"1459","lezbo"
"1460","lezbos"
"1461","lezz"
"1462","lezzian"
"1463","lezzie"
"1464","lezzies"
"1465","lezzo"
"1466","lezzy"
"1467","libido"
"1468","licker"
"1469","licking"
"1470","lickme"
"1471","lilniglet"
"1472","limey"
"1473","limpdick"
"1474","limy"
"1475","lingerie"
"1476","lipshits"
"1477","lipshitz"
"1478","livesex"
"1479","loadedgun"
"1480","lolita"
"1481","lovebone"
"1482","lovegoo"
"1483","lovegun"
"1484","lovejuice"
"1485","lovemuscle"
"1486","lovepistol"
"1487","loverocket"
"1488","lowlife"
"1489","lsd"
"1490","lubejob"
"1491","lubra"
"1492","lucifer"
"1493","luckycammeltoe"
"1494","lugan"
"1495","lugans"
"1496","lusting"
"1497","lusty"
"1498","lynch"
"1499","m-fucking"
"1500","m0f0"
"1501","m0fo"
"1502","m45terbate"
"1503","ma5terb8"
"1504","ma5terbate"
"1505","mabuno"
"1506","mabunos"
"1507","macaca"
"1508","macacas"
"1509","mafugly"
"1510","magicwand"
"1511","mahbuno"
"1512","mahbunos"
"1513","make me come"
"1514","makemecome"
"1515","makemecum"
"1516","male squirting"
"1517","mamhoon"
"1518","mams"
"1519","manhater"
"1520","manpaste"
"1521","maricon"
"1522","maricÃ³n"
"1523","marijuana"
"1524","masochist"
"1525","masokist"
"1526","massa"
"1527","massterbait"
"1528","masstrbait"
"1529","masstrbate"
"1530","mastabate"
"1531","mastabater"
"1532","master-bate"
"1533","masterb8"
"1534","masterbaiter"
"1535","masterbat"
"1536","masterbat3"
"1537","masterbate"
"1538","masterbates"
"1539","masterbating"
"1540","masterbation"
"1541","masterbations"
"1542","masterblaster"
"1543","mastrabator"
"1544","masturbat"
"1545","masturbate"
"1546","masturbating"
"1547","masturbation"
"1548","mattressprincess"
"1549","mau mau"
"1550","mau maus"
"1551","maumau"
"1552","maumaus"
"1553","mcfagget"
"1554","meatbeatter"
"1555","meatrack"
"1556","menage"
"1557","merd"
"1558","mgger"
"1559","mggor"
"1560","mibun"
"1561","mick"
"1562","mickeyfinn"
"1563","mideast"
"1564","mierda"
"1565","milf"
"1566","mindfuck"
"1567","minge"
"1568","minger"
"1569","mo-fo"
"1570","mockey"
"1571","mockie"
"1572","mocky"
"1573","mof0"
"1574","mofo"
"1575","moky"
"1576","molest"
"1577","molestation"
"1578","molester"
"1579","molestor"
"1580","moneyshot"
"1581","mong"
"1582","monkleigh"
"1583","moolie"
"1584","moon cricket"
"1585","moon crickets"
"1586","mooncricket"
"1587","mooncrickets"
"1588","moron"
"1589","moskal"
"1590","moskals"
"1591","moslem"
"1592","mosshead"
"1593","motha fucker"
"1594","motha fuker"
"1595","motha fukkah"
"1596","motha fukker"
"1597","mothafuck"
"1598","mothafucka"
"1599","mothafuckas"
"1600","mothafuckaz"
"1601","mothafucked"
"1602","mothafucker"
"1603","mothafuckers"
"1604","mothafuckin"
"1605","mothafucking"
"1606","mothafuckings"
"1607","mothafucks"
"1608","mother fucker"
"1609","mother fukah"
"1610","mother fuker"
"1611","mother fukkah"
"1612","mother fukker"
"1613","mother-fucker"
"1614","motherfuck"
"1615","motherfucka"
"1616","motherfucked"
"1617","motherfucker"
"1618","motherfuckers"
"1619","motherfuckin"
"1620","motherfucking"
"1621","motherfuckings"
"1622","motherfuckka"
"1623","motherfucks"
"1624","motherfvcker"
"1625","motherlovebone"
"1626","mothrfucker"
"1627","mouliewop"
"1628","mound of venus"
"1629","moundofvenus"
"1630","mr hands"
"1631","mrhands"
"1632","mtherfucker"
"1633","mthrfuck"
"1634","mthrfucker"
"1635","mthrfucking"
"1636","mtrfck"
"1637","mtrfuck"
"1638","mtrfucker"
"1639","muff diver"
"1640","muff"
"1641","muffdive"
"1642","muffdiver"
"1643","muffdiving"
"1644","muffindiver"
"1645","mufflikcer"
"1646","muffpuff"
"1647","muie"
"1648","mulatto"
"1649","mulkku"
"1650","muncher"
"1651","munging"
"1652","munt"
"1653","munter"
"1654","muschi"
"1655","mutha fucker"
"1656","mutha fukah"
"1657","mutha fuker"
"1658","mutha fukkah"
"1659","mutha fukker"
"1660","muthafecker"
"1661","muthafuckaz"
"1662","muthafucker"
"1663","muthafuckker"
"1664","muther"
"1665","mutherfucker"
"1666","mutherfucking"
"1667","muthrfucking"
"1668","mzungu"
"1669","mzungus"
"1670","n1gga"
"1671","n1gger"
"1672","n1gr"
"1673","nads"
"1674","naked"
"1675","nambla"
"1676","nastt"
"1677","nastybitch"
"1678","nastyho"
"1679","nastyslut"
"1680","nastywhore"
"1681","nawashi"
"1682","nazi"
"1683","nazis"
"1684","nazism"
"1685","necro"
"1686","needthedick"
"1687","negres"
"1688","negress"
"1689","negro"
"1690","negroes"
"1691","negroid"
"1692","negros"
"1693","neonazi"
"1694","nepesaurio"
"1695","nig nog"
"1696","nig"
"1697","niga"
"1698","nigar"
"1699","nigars"
"1700","nigas"
"1701","nigers"
"1702","nigette"
"1703","nigettes"
"1704","nigg"
"1705","nigg3r"
"1706","nigg4h"
"1707","nigga"
"1708","niggah"
"1709","niggahs"
"1710","niggar"
"1711","niggaracci"
"1712","niggard"
"1713","niggarded"
"1714","niggarding"
"1715","niggardliness"
"1716","niggardlinesss"
"1717","niggardly"
"1718","niggards"
"1719","niggars"
"1720","niggas"
"1721","niggaz"
"1722","nigger"
"1723","niggerhead"
"1724","niggerhole"
"1725","niggers"
"1726","niggle"
"1727","niggled"
"1728","niggles"
"1729","nigglings"
"1730","niggor"
"1731","niggress"
"1732","niggresses"
"1733","nigguh"
"1734","nigguhs"
"1735","niggur"
"1736","niggurs"
"1737","niglet"
"1738","nignog"
"1739","nigor"
"1740","nigors"
"1741","nigr"
"1742","nigra"
"1743","nigras"
"1744","nigre"
"1745","nigres"
"1746","nigress"
"1747","nigs"
"1748","nigur"
"1749","niiger"
"1750","niigr"
"1751","nimphomania"
"1752","nimrod"
"1753","ninny"
"1754","nipple"
"1755","nipplering"
"1756","nipples"
"1757","nips"
"1758","nittit"
"1759","nlgger"
"1760","nlggor"
"1761","nob jokey"
"1762","nob"
"1763","nobhead"
"1764","nobjocky"
"1765","nobjokey"
"1766","nofuckingway"
"1767","nog"
"1768","nookey"
"1769","nookie"
"1770","nooky"
"1771","noonan"
"1772","nooner"
"1773","nsfw images"
"1774","nsfw"
"1775","nudger"
"1776","nudie"
"1777","nudies"
"1778","numbnuts"
"1779","nut sack"
"1780","nutbutter"
"1781","nutfucker"
"1782","nutsack"
"1783","nutten"
"1784","nympho"
"1785","nymphomania"
"1786","o c k"
"1787","octopussy"
"1788","omorashi"
"1789","one cup two girls"
"1790","one guy one jar"
"1791","one guy"
"1792","one jar"
"1793","ontherag"
"1794","orafis"
"1795","orga"
"1796","orgasim"
"1797","orgasim;"
"1798","orgasims"
"1799","orgasm"
"1800","orgasmic"
"1801","orgasms"
"1802","orgasum"
"1803","orgies"
"1804","orgy"
"1805","oriface"
"1806","orifiss"
"1807","orospu"
"1808","osama"
"1809","ovum"
"1810","ovums"
"1811","p e n i s"
"1812","p i s"
"1813","p u s s y"
"1814","p.u.s.s.y."
"1815","p0rn"
"1816","packi"
"1817","packie"
"1818","packy"
"1819","paddy"
"1820","paedophile"
"1821","paki"
"1822","pakie"
"1823","pakis"
"1824","paky"
"1825","palesimian"
"1826","pancake face"
"1827","pancake faces"
"1828","panooch"
"1829","pansies"
"1830","pansy"
"1831","panti"
"1832","pantie"
"1833","panties"
"1834","panty"
"1835","paska"
"1836","payo"
"1837","pcp"
"1838","pearlnecklace"
"1839","pecker"
"1840","peckerhead"
"1841","peckerwood"
"1842","pedo"
"1843","pedobear"
"1844","pedophile"
"1845","pedophilia"
"1846","pedophiliac"
"1847","peeenus"
"1848","peeenusss"
"1849","peehole"
"1850","peenus"
"1851","peepee"
"1852","peepshow"
"1853","peepshpw"
"1854","pegging"
"1855","peinus"
"1856","pen1s"
"1857","penas"
"1858","pendejo"
"1859","pendy"
"1860","penetrate"
"1861","penetration"
"1862","peni5"
"1863","penial"
"1864","penile"
"1865","penis"
"1866","penis-breath"
"1867","penises"
"1868","penisfucker"
"1869","penisland"
"1870","penislick"
"1871","penislicker"
"1872","penispuffer"
"1873","penthouse"
"1874","penus"
"1875","penuus"
"1876","perse"
"1877","perv"
"1878","perversion"
"1879","peyote"
"1880","phalli"
"1881","phallic"
"1882","phone sex"
"1883","phonesex"
"1884","phuc"
"1885","phuck"
"1886","phuk"
"1887","phuked"
"1888","phuker"
"1889","phuking"
"1890","phukked"
"1891","phukker"
"1892","phukking"
"1893","phuks"
"1894","phungky"
"1895","phuq"
"1896","pi55"
"1897","picaninny"
"1898","piccaninny"
"1899","picka"
"1900","pickaninnies"
"1901","pickaninny"
"1902","piece of shit"
"1903","pieceofshit"
"1904","piefke"
"1905","piefkes"
"1906","pierdol"
"1907","pigfucker"
"1908","piker"
"1909","pikey"
"1910","piky"
"1911","pillowbiter"
"1912","pillu"
"1913","pimmel"
"1914","pimp"
"1915","pimped"
"1916","pimper"
"1917","pimpis"
"1918","pimpjuic"
"1919","pimpjuice"
"1920","pimpsimp"
"1921","pindick"
"1922","pinko"
"1923","pis"
"1924","pises"
"1925","pisin"
"1926","pising"
"1927","pisof"
"1928","piss pig"
"1929","piss"
"1930","piss-off"
"1931","pissed"
"1932","pisser"
"1933","pissers"
"1934","pisses"
"1935","pissflap"
"1936","pissflaps"
"1937","pisshead"
"1938","pissin"
"1939","pissing"
"1940","pissoff"
"1941","pisspig"
"1942","pizda"
"1943","playboy"
"1944","playgirl"
"1945","pleasure chest"
"1946","pleasurechest"
"1947","pocha"
"1948","pochas"
"1949","pocho"
"1950","pochos"
"1951","pocketpool"
"1952","pohm"
"1953","pohms"
"1954","polac"
"1955","polack"
"1956","polacks"
"1957","polak"
"1958","pole smoker"
"1959","polesmoker"
"1960","pollock"
"1961","pollocks"
"1962","pommie grant"
"1963","pommie grants"
"1964","pommy"
"1965","ponyplay"
"1966","poof"
"1967","poon"
"1968","poonani"
"1969","poonany"
"1970","poontang"
"1971","poontsee"
"1972","poop chute"
"1973","poopchute"
"1974","pooper"
"1975","pooperscooper"
"1976","pooping"
"1977","poorwhitetrash"
"1978","popimp"
"1979","porch monkey"
"1980","porch monkies"
"1981","porchmonkey"
"1982","porn"
"1983","pornflick"
"1984","pornking"
"1985","porno"
"1986","pornography"
"1987","pornos"
"1988","pornprincess"
"1989","pound town"
"1990","poundtown"
"1991","pplicker"
"1992","pr0n"
"1993","pr1c"
"1994","pr1ck"
"1995","pr1k"
"1996","prairie nigger"
"1997","prairie niggers"
"1998","preteen"
"1999","pric"
"2000","prickhead"
"2001","pricks"
"2002","prig"
"2003","prince albert piercing"
"2004","pron"
"2005","prostitute"
"2006","pthc"
"2007","pu55i"
"2008","pu55y"
"2009","pube"
"2010","pubes"
"2011","pubic"
"2012","pubiclice"
"2013","pubis"
"2014","pudboy"
"2015","pudd"
"2016","puddboy"
"2017","pula"
"2018","punani"
"2019","punanny"
"2020","punany"
"2021","punkass"
"2022","punky"
"2023","punta"
"2024","puntang"
"2025","purinapricness"
"2026","pusies"
"2027","puss"
"2028","pusse"
"2029","pussee"
"2030","pussi"
"2031","pussie"
"2032","pussies"
"2033","pussy"
"2034","pussycat"
"2035","pussydestroyer"
"2036","pussyeater"
"2037","pussyfart"
"2038","pussyfuck"
"2039","pussyfucker"
"2040","pussylicker"
"2041","pussylicking"
"2042","pussylips"
"2043","pussylover"
"2044","pussypalace"
"2045","pussypounder"
"2046","pussys"
"2047","pusy"
"2048","puta"
"2049","puto"
"2050","puuke"
"2051","puuker"
"2052","qahbeh"
"2053","quashie"
"2054","queaf"
"2055","queef"
"2056","queerhole"
"2057","queero"
"2058","queers"
"2059","queerz"
"2060","quickie"
"2061","quicky"
"2062","quiff"
"2063","quim"
"2064","qweers"
"2065","qweerz"
"2066","qweir"
"2067","r-tard"
"2068","r-tards"
"2069","r5e"
"2070","ra8s"
"2071","raghead"
"2072","ragheads"
"2073","rape"
"2074","raped"
"2075","raper"
"2076","raping"
"2077","rapist"
"2078","rautenberg"
"2079","rearend"
"2080","rearentry"
"2081","recktum"
"2082","rectal"
"2083","rectum"
"2084","rectus"
"2085","redleg"
"2086","redlegs"
"2087","redlight"
"2088","redskin"
"2089","redskins"
"2090","reefer"
"2091","reestie"
"2092","reetard"
"2093","reich"
"2094","renob"
"2095","rentafuck"
"2096","rere"
"2097","retard"
"2098","retarded"
"2099","retards"
"2100","retardz"
"2101","reverse cowgirl"
"2102","reversecowgirl"
"2103","rimjaw"
"2104","rimjob"
"2105","rimming"
"2106","ritard"
"2107","rosebuds"
"2108","rosy palm and her 5 sisters"
"2109","rosy palm"
"2110","rosypalm"
"2111","rosypalmandher5sisters"
"2112","rosypalmandherefivesisters"
"2113","round eyes"
"2114","roundeye"
"2115","rtard"
"2116","rtards"
"2117","rumprammer"
"2118","ruski"
"2119","russki"
"2120","russkie"
"2121","rusty trombone"
"2122","rustytrombone"
"2123","s h i t"
"2124","s hit"
"2125","s&m"
"2126","s-h-1-t"
"2127","s-h-i-t"
"2128","s-o-b"
"2129","s.h.i.t."
"2130","s.o.b."
"2131","s0b"
"2132","s_h_i_t"
"2133","sadis"
"2134","sadism"
"2135","sadist"
"2136","sadom"
"2137","sambo"
"2138","sambos"
"2139","samckdaddy"
"2140","sanchez"
"2141","sand nigger"
"2142","sand niggers"
"2143","sandm"
"2144","sandnigger"
"2145","santorum"
"2146","sausagequeen"
"2147","scag"
"2148","scallywag"
"2149","scank"
"2150","scantily"
"2151","scat"
"2152","schaffer"
"2153","scheiss"
"2154","schizo"
"2155","schlampe"
"2156","schlong"
"2157","schmuck"
"2158","schvartse"
"2159","schvartsen"
"2160","schwartze"
"2161","schwartzen"
"2162","scissoring"
"2163","screwyou"
"2164","scroat"
"2165","scrog"
"2166","scrote"
"2167","scrotum"
"2168","scrud"
"2169","seduce"
"2170","semen"
"2171","seppo"
"2172","seppos"
"2173","septics"
"2174","sex"
"2175","sexcam"
"2176","sexed"
"2177","sexfarm"
"2178","sexhound"
"2179","sexhouse"
"2180","sexi"
"2181","sexing"
"2182","sexkitten"
"2183","sexo"
"2184","sexpot"
"2185","sexslave"
"2186","sextogo"
"2187","sextoy"
"2188","sextoys"
"2189","sexual"
"2190","sexually"
"2191","sexwhore"
"2192","sexx"
"2193","sexxi"
"2194","sexxx"
"2195","sexxxi"
"2196","sexxxy"
"2197","sexxy"
"2198","sexy"
"2199","sexymoma"
"2200","sexyslim"
"2201","sh!+"
"2202","sh!t"
"2203","sh1t"
"2204","sh1ter"
"2205","sh1ts"
"2206","sh1tter"
"2207","sh1tz"
"2208","shag"
"2209","shagger"
"2210","shaggin"
"2211","shagging"
"2212","shamedame"
"2213","sharmuta"
"2214","sharmute"
"2215","shat"
"2216","shav"
"2217","shaved beaver"
"2218","shaved pussy"
"2219","shavedbeaver"
"2220","shavedpussy"
"2221","shawtypimp"
"2222","sheeney"
"2223","shemale"
"2224","shhit"
"2225","shi+"
"2226","shibari"
"2227","shibary"
"2228","shinola"
"2229","shipal"
"2230","shit ass"
"2231","shit"
"2232","shit-ass"
"2233","shit-bag"
"2234","shit-bagger"
"2235","shit-brain"
"2236","shit-breath"
"2237","shit-cunt"
"2238","shit-dick"
"2239","shit-eating"
"2240","shit-face"
"2241","shit-faced"
"2242","shit-fit"
"2243","shit-head"
"2244","shit-heel"
"2245","shit-hole"
"2246","shit-house"
"2247","shit-load"
"2248","shit-pot"
"2249","shit-spitter"
"2250","shit-stain"
"2251","shitass"
"2252","shitbag"
"2253","shitbagger"
"2254","shitblimp"
"2255","shitbrain"
"2256","shitbreath"
"2257","shitcan"
"2258","shitcunt"
"2259","shitdick"
"2260","shite"
"2261","shiteater"
"2262","shiteating"
"2263","shited"
"2264","shitey"
"2265","shitface"
"2266","shitfaced"
"2267","shitfit"
"2268","shitforbrains"
"2269","shitfuck"
"2270","shitfucker"
"2271","shitfull"
"2272","shithapens"
"2273","shithappens"
"2274","shithead"
"2275","shitheel"
"2276","shithole"
"2277","shithouse"
"2278","shiting"
"2279","shitings"
"2280","shitlist"
"2281","shitload"
"2282","shitola"
"2283","shitoutofluck"
"2284","shitpot"
"2285","shits"
"2286","shitspitter"
"2287","shitstain"
"2288","shitt"
"2289","shitted"
"2290","shitter"
"2291","shitters"
"2292","shittiest"
"2293","shitting"
"2294","shittings"
"2295","shitty"
"2296","shity"
"2297","shitz"
"2298","shiz"
"2299","shiznit"
"2300","shortfuck"
"2301","shota"
"2302","shylock"
"2303","shylocks"
"2304","shyt"
"2305","shyte"
"2306","shytty"
"2307","shyty"
"2308","simp"
"2309","sissy"
"2310","sixsixsix"
"2311","sixtynine"
"2312","sixtyniner"
"2313","skag"
"2314","skanck"
"2315","skank"
"2316","skankbitch"
"2317","skankee"
"2318","skankey"
"2319","skankfuck"
"2320","skanks"
"2321","skankwhore"
"2322","skanky"
"2323","skankybitch"
"2324","skankywhore"
"2325","skeet"
"2326","skinflute"
"2327","skribz"
"2328","skullfuck"
"2329","skum"
"2330","skumbag"
"2331","skurwysyn"
"2332","skwa"
"2333","skwe"
"2334","slag"
"2335","slanteye"
"2336","slanty"
"2337","slapper"
"2338","sleezeball"
"2339","slideitin"
"2340","slimeball"
"2341","slimebucket"
"2342","slopehead"
"2343","slopeheads"
"2344","sloper"
"2345","slopers"
"2346","slopey"
"2347","slopeys"
"2348","slopies"
"2349","slopy"
"2350","slut"
"2351","slutbag"
"2352","slutbucket"
"2353","slutdumper"
"2354","slutkiss"
"2355","sluts"
"2356","slutt"
"2357","slutting"
"2358","slutty"
"2359","slutwear"
"2360","slutwhore"
"2361","slutz"
"2362","smackthemonkey"
"2363","smeg"
"2364","smegma"
"2365","smut"
"2366","smutty"
"2367","snatchpatch"
"2368","sniggered"
"2369","sniggering"
"2370","sniggers"
"2371","snowback"
"2372","snowballing"
"2373","snownigger"
"2374","snuff"
"2375","socksucker"
"2376","sodom"
"2377","sodomise"
"2378","sodomite"
"2379","sodomize"
"2380","sodomy"
"2381","son of a bitch"
"2382","son of a whore"
"2383","son-of-a-bitch"
"2384","son-of-a-whore"
"2385","sonofabitch"
"2386","sonofbitch"
"2387","sooties"
"2388","souse"
"2389","soused"
"2390","soyboy"
"2391","spac"
"2392","spaghettibender"
"2393","spaghettinigger"
"2394","spank"
"2395","spankthemonkey"
"2396","spastic"
"2397","spearchucker"
"2398","spearchuckers"
"2399","sperm"
"2400","spermacide"
"2401","spermbag"
"2402","spermhearder"
"2403","spermherder"
"2404","sphencter"
"2405","spic"
"2406","spick"
"2407","spicks"
"2408","spics"
"2409","spierdalaj"
"2410","spig"
"2411","spigotty"
"2412","spik"
"2413","spiks"
"2414","splittail"
"2415","splooge"
"2416","spludge"
"2417","spooge"
"2418","spread legs"
"2419","spreadeagle"
"2420","spunk"
"2421","spunky"
"2422","sqeh"
"2423","squa"
"2424","squarehead"
"2425","squareheads"
"2426","squaw"
"2427","squinty"
"2428","squirting"
"2429","stagg"
"2430","stfu"
"2431","stiffy"
"2432","stoned"
"2433","stoner"
"2434","strap on"
"2435","strapon"
"2436","strappado"
"2437","strip club"
"2438","stripclub"
"2439","stroking"
"2440","stuinties"
"2441","stupidfuck"
"2442","stupidfucker"
"2443","style doggy"
"2444","suckdick"
"2445","sucked"
"2446","sucker"
"2447","sucking"
"2448","suckme"
"2449","suckmyass"
"2450","suckmydick"
"2451","suckmytit"
"2452","suckoff"
"2453","suicide girl"
"2454","suicide girls"
"2455","suicidegirl"
"2456","suicidegirls"
"2457","suka"
"2458","sultrywoman"
"2459","sultrywomen"
"2460","sumofabiatch"
"2461","swallower"
"2462","swalow"
"2463","swamp guinea"
"2464","swamp guineas"
"2465","swastika"
"2466","syphilis"
"2467","t i t"
"2468","t i ts"
"2469","t1t"
"2470","t1tt1e5"
"2471","t1tties"
"2472","tacohead"
"2473","tacoheads"
"2474","taff"
"2475","take off your"
"2476","tar babies"
"2477","tar baby"
"2478","tarbaby"
"2479","tard"
"2480","taste my"
"2481","tastemy"
"2482","tawdry"
"2483","tea bagging"
"2484","teabagging"
"2485","teat"
"2486","teets"
"2487","teez"
"2488","terd"
"2489","teste"
"2490","testee"
"2491","testes"
"2492","testical"
"2493","testicle"
"2494","testicles"
"2495","testis"
"2496","thicklip"
"2497","thicklips"
"2498","thirdeye"
"2499","thirdleg"
"2500","threesome"
"2501","threeway"
"2502","throating"
"2503","thumbzilla"
"2504","thundercunt"
"2505","tied up"
"2506","tig ol bitties"
"2507","tig old bitties"
"2508","tight white"
"2509","timber nigger"
"2510","timber niggers"
"2511","timbernigger"
"2512","tit"
"2513","titbitnipply"
"2514","titfuck"
"2515","titfucker"
"2516","titfuckin"
"2517","titi"
"2518","titjob"
"2519","titlicker"
"2520","titlover"
"2521","tits"
"2522","titt"
"2523","tittie"
"2524","tittie5"
"2525","tittiefucker"
"2526","titties"
"2527","tittis"
"2528","titty"
"2529","tittyfuck"
"2530","tittyfucker"
"2531","tittys"
"2532","tittywank"
"2533","titwank"
"2534","tity"
"2535","to murder"
"2536","tongethruster"
"2537","tongue in a"
"2538","tongueina"
"2539","tonguethrust"
"2540","tonguetramp"
"2541","toots"
"2542","topless"
"2543","tortur"
"2544","torture"
"2545","tosser"
"2546","towel head"
"2547","towel heads"
"2548","towelhead"
"2549","trailertrash"
"2550","trannie"
"2551","tranny"
"2552","transsexual"
"2553","transvestite"
"2554","tribadism"
"2555","trisexual"
"2556","trois"
"2557","trots"
"2558","tub girl"
"2559","tubgirl"
"2560","tuckahoe"
"2561","tunneloflove"
"2562","turd burgler"
"2563","turnon"
"2564","tush"
"2565","tushy"
"2566","tw4t"
"2567","twat"
"2568","twathead"
"2569","twatlips"
"2570","twats"
"2571","twatty"
"2572","twatwaffle"
"2573","twink"
"2574","twinkie"
"2575","two girls one cup"
"2576","twobitwhore"
"2577","twunt"
"2578","twunter"
"2579","udge packer"
"2580","ukrop"
"2581","unclefucker"
"2582","unfuckable"
"2583","upskirt"
"2584","uptheass"
"2585","upthebutt"
"2586","urethra play"
"2587","urethraplay"
"2588","urophilia"
"2589","usama"
"2590","ussys"
"2591","uzi"
"2592","v a g i n a"
"2593","v14gra"
"2594","v1gra"
"2595","v4gra"
"2596","va-j-j"
"2597","va1jina"
"2598","vag"
"2599","vag1na"
"2600","vagiina"
"2601","vaj1na"
"2602","vajina"
"2603","valium"
"2604","venus mound"
"2605","vgra"
"2606","vibr"
"2607","vibrater"
"2608","vibrator"
"2609","vigra"
"2610","violet wand"
"2611","virginbreaker"
"2612","vittu"
"2613","vixen"
"2614","vjayjay"
"2615","vorarephilia"
"2616","voyeurweb"
"2617","voyuer"
"2618","vullva"
"2619","vulva"
"2620","w00se"
"2621","w0p"
"2622","wab"
"2623","wang"
"2624","wank"
"2625","wanker"
"2626","wanking"
"2627","wanky"
"2628","waysted"
"2629","wazoo"
"2630","weenie"
"2631","weewee"
"2632","weiner"
"2633","welcher"
"2634","wench"
"2635","wet dream"
"2636","wetb"
"2637","wetback"
"2638","wetbacks"
"2639","wetdream"
"2640","wetspot"
"2641","wh00r"
"2642","wh0re"
"2643","wh0reface"
"2644","whacker"
"2645","whash"
"2646","whigger"
"2647","whiggers"
"2648","whiskeydick"
"2649","whiskydick"
"2650","whit"
"2651","white power"
"2652","white trash"
"2653","whitenigger"
"2654","whitepower"
"2655","whitetrash"
"2656","whitey"
"2657","whiteys"
"2658","whities"
"2659","whoar"
"2660","whop"
"2661","whoralicious"
"2662","whore"
"2663","whorealicious"
"2664","whorebag"
"2665","whored"
"2666","whoreface"
"2667","whorefucker"
"2668","whorehopper"
"2669","whorehouse"
"2670","whores"
"2671","whoring"
"2672","wichser"
"2673","wigga"
"2674","wiggas"
"2675","wigger"
"2676","wiggers"
"2677","willie"
"2678","willies"
"2679","williewanker"
"2680","willy"
"2681","wog"
"2682","wogs"
"2683","woose"
"2684","wop"
"2685","worldsex"
"2686","wrapping men"
"2687","wrinkled starfish"
"2688","wtf"
"2689","wuss"
"2690","wuzzie"
"2691","x-rated"
"2692","x-rated2g1c"
"2693","xkwe"
"2694","xrated"
"2695","xtc"
"2696","xx"
"2697","xxx"
"2698","xxxxxx"
"2699","yank"
"2700","yaoi"
"2701","yarpie"
"2702","yarpies"
"2703","yed"
"2704","yellow showers"
"2705","yellowman"
"2706","yellowshowers"
"2707","yid"
"2708","yids"
"2709","yiffy"
"2710","yobbo"
"2711","yourboobs"
"2712","yourpenis"
"2713","yourtits"
"2714","yury"
"2715","zabourah"
"2716","zigabo"
"2717","zigabos"
"2718","zipperhead"
"2719","zipperheads"
"2720","zoophile"
"2721","zoophilia"
"2722","ðŸ–•"
